FIPS,State,Area_Name,Latitude,Longitude,DensityPerSquaremileOfLandarea-Population,Median_Household_Income_2018,Percent_of_adults_with_a_high_school_diploma_only_2014-18
01011,AL,Bullock County,32.101759,-85.717261,17.5,29267,39.7
01025,AL,Clarke County,31.685521,-87.818624,20.9,40741,43.7
01027,AL,Clay County,33.267809,-85.862051,23.1,39201,36.3
01029,AL,Cleburne County,33.671981,-85.516109,26.7,46495,39.6
01037,AL,Coosa County,32.931445,-86.243482,17.7,42423,38.6
01041,AL,Crenshaw County,31.732826,-86.319222,22.8,39057,38.8
01057,AL,Fayette County,33.732249,-87.752049,27.5,39254,41.5
01059,AL,Franklin County,34.441988,-87.842815,50,39388,36.8
01075,AL,Lamar County,33.787085,-88.087431,24.1,40936,39.9
01121,AL,Talladega County,33.369277,-86.175805,111.7,41630,34.9
01129,AL,Washington County,31.406974,-88.202078,16.3,44424,43.2
01131,AL,Wilcox County,31.99033,-87.302205,13.1,25385,40.3
02070,AK,Dillingham Census Area,59.824816,-158.602233,0.3,54524,39.2
02110,AK,Juneau City and Borough,58.3727,-134.178781,11.6,79173,20.4
02150,AK,Kodiak Island Borough,57.553611,-153.630911,2.1,74109,31.3
02170,AK,Matanuska-Susitna Borough,62.182174,-149.407974,3.6,74649,32.2
02185,AK,North Slope Borough,69.449343,-153.47283,0.1,89276,43
02188,AK,Northwest Arctic Borough,67.005066,-160.021086,0.2,59337,47.3
02220,AK,Sitka City and Borough,57.142509,-135.332624,3.1,71825,28.3
02261,AK,Valdez-Cordova Census Area,61.34984,-145.023141,0.3,68528,32.7
02290,AK,Yukon-Koyukuk Census Area,65.376131,-151.576855,0,38912,40.3
05003,AR,Ashley County,33.190835,-91.772267,23.6,41127,39.9
05011,AR,Bradley County,33.463819,-92.168164,17.7,37729,41.6
05013,AR,Calhoun County,33.56046,-92.513879,8.5,44969,43.6
05017,AR,Chicot County,33.267139,-91.297158,18.3,31787,39.2
05025,AR,Cleveland County,33.893201,-92.188714,14.5,47600,47.2
05031,AR,Craighead County,35.828268,-90.630411,136.4,45615,34.1
05037,AR,Cross County,35.291259,-90.773894,29,41214,41.5
05039,AR,Dallas County,33.967823,-92.653999,12.2,37259,43.4
05043,AR,Drew County,33.587242,-91.722778,22.3,42494,35.4
05047,AR,Franklin County,35.508573,-93.887672,29.8,43696,40.1
05049,AR,Fulton County,36.383443,-91.819239,19.8,35630,37.2
05051,AR,Garland County,34.578861,-93.146915,141.7,43610,31.5
05055,AR,Greene County,36.119922,-90.565241,72.9,46512,44.2
05063,AR,Independence County,35.737499,-91.559942,48,45596,35.8
05065,AR,Izard County,36.094879,-91.913625,23.6,37828,37.8
05067,AR,Jackson County,35.596605,-91.223178,28.4,36573,41.1
05073,AR,Lafayette County,33.24066,-93.611643,14.5,35527,41.3
05075,AR,Lawrence County,36.041098,-91.101153,29.6,40308,40.4
05079,AR,Lincoln County,33.957665,-91.727624,25.2,44951,50.3
05081,AR,Little River County,33.699497,-94.229774,24.7,43559,42.7
05083,AR,Logan County,35.21855,-93.720563,31.6,41471,45
05085,AR,Lonoke County,34.755114,-91.894132,88.7,56651,35.1
05089,AR,Marion County,36.266656,-92.678588,27.9,36581,36.8
05095,AR,Monroe County,34.679513,-91.203314,13.4,32922,43
05097,AR,Montgomery County,34.545652,-93.664147,12.2,38318,36.5
05101,AR,Newton County,35.910063,-93.215084,10.1,36078,40.8
05103,AR,Ouachita County,33.591158,-92.878418,35.6,37624,41.6
05105,AR,Perry County,34.946363,-92.926877,18.9,45342,40.7
05107,AR,Phillips County,34.425842,-90.848386,31.3,29945,30.1
05109,AR,Pike County,34.158191,-93.658659,18.8,41534,38.9
05111,AR,Poinsett County,35.568981,-90.680595,32.4,37370,44.3
05117,AR,Prairie County,34.828225,-91.5572,13.4,43245,40
05121,AR,Randolph County,36.341299,-91.028441,27.6,37799,35.6
05123,AR,St. Francis County,35.014438,-90.742199,44.5,33257,38.8
05127,AR,Scott County,34.858869,-94.063641,12.6,35826,43
05137,AR,Stone County,35.856989,-92.140494,20.4,34009,36.3
05139,AR,Union County,33.168219,-92.598145,40.1,45335,35.2
06005,CA,Amador County,38.44355,-120.653856,64.1,58515,28.7
06007,CA,Butte County,39.665959,-121.601919,134.4,50945,22.7
06015,CA,Del Norte County,41.749903,-123.980998,28.4,48518,31.5
06027,CA,Inyo County,36.561977,-117.403927,1.8,53793,29.3
06029,CA,Kern County,35.346629,-118.729506,103.3,51586,27.7
06031,CA,Kings County,36.072478,-119.81553,110.1,58255,25.5
06033,CA,Lake County,39.094802,-122.746757,51.5,45086,30.1
06045,CA,Mendocino County,39.432388,-123.442881,25.1,51386,25.8
06047,CA,Merced County,37.194806,-120.722802,132.2,56169,25.8
06049,CA,Modoc County,41.592919,-120.71837,2.5,45227,32.3
06051,CA,Mono County,37.915836,-118.875167,4.7,66499,22.8
06063,CA,Plumas County,39.99517,-120.829516,7.8,55079,25.2
06085,CA,Santa Clara County,37.220777,-121.690622,1381,125933,14.5
06091,CA,Sierra County,39.576925,-120.521993,3.4,52308,26.6
06097,CA,Sonoma County,38.532574,-122.945194,307.1,81002,18.8
06103,CA,Tehama County,40.126156,-122.232276,21.5,47572,30.7
06115,CA,Yuba County,39.270026,-121.34428,114.2,47504,23.1
08009,CO,Baca County,37.303144,-102.535457,1.5,38294,27.3
08011,CO,Bent County,37.931891,-103.077584,4.3,37659,48.6
08014,CO,Broomfield County,39.953383,-105.052125,1691.9,96924,14.7
08017,CO,Cheyenne County,38.835387,-102.604585,1,54504,36.4
08019,CO,Clear Creek County,39.689403,-105.670791,23,74019,20.9
08023,CO,Costilla County,37.277547,-105.42894,2.9,31557,23.8
08029,CO,Delta County,38.861756,-107.864757,27.1,46786,38.2
08039,CO,Elbert County,39.310817,-104.117928,12.5,98247,24.6
08043,CO,Fremont County,38.455658,-105.421438,30.5,47885,39.8
08051,CO,Gunnison County,38.669679,-107.078108,4.7,61268,16
08055,CO,Huerfano County,37.687815,-104.959928,4.2,38242,28.7
08063,CO,Kit Carson County,39.30534,-102.603023,3.8,48342,37.7
08065,CO,Lake County,39.204316,-106.349696,19.4,51802,27.1
08071,CO,Las Animas County,37.318831,-104.04411,3.2,41485,28.8
08073,CO,Lincoln County,38.99374,-103.507555,2.1,46690,53.1
08075,CO,Logan County,40.728091,-103.090464,12.4,53168,32.7
08077,CO,Mesa County,39.019492,-108.461837,44.1,51132,27.3
08081,CO,Moffat County,40.573984,-108.204521,2.9,59500,40.4
08085,CO,Montrose County,38.413427,-108.263042,18.4,52576,31.8
08087,CO,Morgan County,40.262354,-103.807092,22,55387,31.1
08089,CO,Otero County,37.88417,-103.72126,14.9,40064,29.2
08091,CO,Ouray County,38.1506,-107.767133,8.2,68900,18.2
08101,CO,Pueblo County,38.170658,-104.489893,66.7,48308,28.7
08103,CO,Rio Blanco County,39.972606,-108.200685,2.1,63411,33.7
08105,CO,Rio Grande County,37.485763,-106.453214,13.1,44171,30.2
08107,CO,Routt County,40.48316,-106.985289,10,81033,19.7
08121,CO,Washington County,39.965413,-103.209605,1.9,47869,32
12003,FL,Baker County,30.324442,-82.302284,46.3,52804,42.8
12007,FL,Bradford County,29.946934,-82.166796,97,45075,39.7
12013,FL,Calhoun County,30.388801,-85.197916,25.8,38323,41.9
12023,FL,Columbia County,30.221305,-82.623127,84.7,46195,36.1
12029,FL,Dixie County,29.580899,-83.195666,23.3,37148,44.7
12037,FL,Franklin County,29.810176,-84.799174,21.6,40297,35.7
12039,FL,Gadsden County,30.57917,-84.612783,89.8,42259,36.6
12045,FL,Gulf County,29.907257,-85.256537,28.1,45426,37.3
12065,FL,Jefferson County,30.424558,-83.890859,24.7,46332,33.3
12067,FL,Lafayette County,29.990066,-83.17851,16.3,42689,40.8
12083,FL,Marion County,29.202805,-82.0431,209.1,44517,37.5
12121,FL,Suwannee County,30.189244,-82.992754,60.3,38525,39.3
12123,FL,Taylor County,30.016943,-83.616417,21.6,42307,43.3
12125,FL,Union County,30.05428,-82.366918,63.8,45906,37.9
12129,FL,Wakulla County,30.140378,-84.375136,50.8,58203,35.9
12133,FL,Washington County,30.602217,-85.662797,42.7,39225,41.5
13007,GA,Baker County,31.319622,-84.454857,10.1,38288,38.9
13011,GA,Banks County,34.351922,-83.498441,79.3,55384,40.6
13017,GA,Ben Hill County,31.740776,-83.14719,70.5,35020,44.2
13023,GA,Bleckley County,32.435403,-83.331717,60.5,46019,41.7
13033,GA,Burke County,33.063737,-82.00389,28.2,42785,37.4
13037,GA,Calhoun County,31.521279,-84.62629,23.9,33393,39.3
13047,GA,Catoosa County,34.899393,-85.137353,394.3,55807,32.4
13053,GA,Chattahoochee County,32.347445,-84.788021,45.3,46869,25.9
13055,GA,Chattooga County,34.474179,-85.345289,83,39513,38.7
13057,GA,Cherokee County,34.244317,-84.475057,508.3,82733,22.8
13065,GA,Clinch County,30.917653,-82.702614,8.5,37593,31.7
13079,GA,Crawford County,32.709446,-83.979182,38.9,48004,39.4
13083,GA,Dade County,34.852424,-85.506201,95.6,48779,35.8
13085,GA,Dawson County,34.442842,-84.173284,105.9,68835,28.6
13087,GA,Decatur County,30.877961,-84.577744,46.6,38441,36.1
13093,GA,Dooly County,32.151995,-83.807167,38.1,37278,39.6
13109,GA,Evans County,32.151902,-81.887618,60.2,37319,37.5
13111,GA,Fannin County,34.863837,-84.319287,61.2,43439,34.3
13115,GA,Floyd County,34.263677,-85.21373,188.9,44906,33.1
13123,GA,Gilmer County,34.690541,-84.453984,66.3,47757,36.4
13129,GA,Gordon County,34.509667,-84.873862,155.1,49101,35.2
13131,GA,Grady County,30.875863,-84.244772,55,41002,37.8
13133,GA,Greene County,33.576836,-83.167103,41.3,54016,33.6
13137,GA,Habersham County,34.635108,-83.526406,155.5,51829,33.7
13141,GA,Hancock County,33.26922,-83.000465,20,31716,42.9
13159,GA,Jasper County,33.314905,-83.687892,37.8,51241,38.9
13161,GA,Jeff Davis County,31.811615,-82.636825,45.6,37211,40.4
13171,GA,Lamar County,33.07446,-84.146721,99.8,48323,40.1
13187,GA,Lumpkin County,34.568149,-83.998828,105.9,55583,29.2
13189,GA,McDuffie County,33.482464,-82.473188,85,42768,40.5
13211,GA,Morgan County,33.593732,-83.492324,51.4,57978,34.8
13221,GA,Oglethorpe County,33.866806,-83.074081,33.9,51105,36.6
13225,GA,Peach County,32.571324,-83.831978,184.3,46525,29
13227,GA,Pickens County,34.456621,-84.490256,126.8,65062,29.1
13231,GA,Pike County,33.090769,-84.386627,82.7,66901,40.9
13235,GA,Pulaski County,32.238794,-83.481855,48.2,40582,37.5
13241,GA,Rabun County,34.883026,-83.404735,44,44213,34
13249,GA,Schley County,32.263441,-84.322724,30,45378,35.3
13251,GA,Screven County,32.744751,-81.617585,22.6,39048,42.7
13253,GA,Seminole County,30.933894,-84.867592,37.1,36869,39.6
13257,GA,Stephens County,34.552914,-83.290216,146.1,45850,36.7
13265,GA,Taliaferro County,33.559314,-82.875208,8.8,34090,47.8
13267,GA,Tattnall County,32.043768,-82.059208,53.2,41440,39.1
13269,GA,Taylor County,32.554667,-84.251426,23.6,36310,37.5
13279,GA,Toombs County,32.126698,-82.332071,74.8,37148,38.5
13289,GA,Twiggs County,32.665847,-83.425879,25.2,42054,37.6
13291,GA,Union County,34.83377,-83.989573,66.3,45943,34.2
13293,GA,Upson County,32.881837,-84.292281,84,40965,35.9
13295,GA,Walker County,34.735827,-85.305385,154,43767,36.2
13297,GA,Walton County,33.782649,-83.734215,257.2,65416,37.8
13301,GA,Warren County,33.419169,-82.688012,20.5,38352,42.4
13309,GA,Wheeler County,32.109276,-82.738701,25.1,32691,48.7
13311,GA,White County,34.643677,-83.743713,112.8,51579,31.6
13315,GA,Wilcox County,31.962717,-83.438262,24.5,35961,48.4
15003,HI,Honolulu County,21.461364,-158.201976,1586.7,83695,26.2
15009,HI,Maui County,20.855931,-156.60155,133.3,78503,31.8
16003,ID,Adams County,44.884583,-116.431873,2.9,45311,37.7
16005,ID,Bannock County,42.692939,-112.228986,74.5,51300,26.5
16007,ID,Bear Lake County,42.285833,-111.327445,6.1,53780,38.8
16009,ID,Benewah County,47.218451,-116.633541,12,48451,38.9
16015,ID,Boise County,43.987275,-115.715111,3.7,56837,27.4
16019,ID,Bonneville County,43.395171,-111.621878,55.9,60444,26.1
16023,ID,Butte County,43.6851,-113.177627,1.3,50050,36.9
16033,ID,Clark County,44.286251,-112.36112,0.6,48471,23.6
16037,ID,Custer County,44.273341,-114.252251,0.9,47682,29.8
16043,ID,Fremont County,44.218091,-111.484429,7.1,51155,32
16051,ID,Jefferson County,43.796965,-112.318588,23.9,61927,27.7
16059,ID,Lemhi County,44.928789,-113.887841,1.7,44248,32
16069,ID,Nez Perce County,46.333766,-116.760903,46.3,54476,32.9
16077,ID,Power County,42.694126,-112.844407,5.6,51921,33.9
16079,ID,Shoshone County,47.347694,-115.885092,4.9,36085,38.5
16085,ID,Valley County,44.771532,-115.637875,2.7,60285,29.9
17009,IL,Brown County,39.962069,-90.75031,22.7,55327,36.8
17011,IL,Bureau County,41.401304,-89.528377,40.2,56099,38.4
17013,IL,Calhoun County,39.164262,-90.666295,20,56099,43.6
17015,IL,Carroll County,42.059084,-89.926485,34.6,51963,41.5
17017,IL,Cass County,39.969202,-90.245705,36.3,52486,43.2
17021,IL,Christian County,39.545524,-89.279593,49.1,52936,41.9
17025,IL,Clay County,38.747312,-88.483789,29.5,45427,37.2
17027,IL,Clinton County,38.606423,-89.423136,79.7,66597,32.2
17029,IL,Coles County,39.51368,-88.220782,106,47291,30
17041,IL,Douglas County,39.766078,-88.222866,48,56976,32.7
17043,IL,DuPage County,41.852058,-88.086038,2799.8,93540,18.3
17047,IL,Edwards County,38.417095,-88.047941,30.2,51280,35.1
17049,IL,Effingham County,39.047694,-88.592786,71.5,60773,36.4
17051,IL,Fayette County,39.001125,-89.017923,30.9,47484,39.7
17055,IL,Franklin County,37.991848,-88.926246,96.8,42071,32.7
17057,IL,Fulton County,40.465688,-90.206793,42.8,51258,34.6
17061,IL,Greene County,39.355444,-90.387757,25.6,47314,44.4
17063,IL,Grundy County,41.29241,-88.401055,119.8,79348,33
17065,IL,Hamilton County,38.085226,-88.539005,19.5,53028,33.8
17067,IL,Hancock County,40.405792,-91.167988,24.1,53553,38.1
17071,IL,Henderson County,40.815141,-90.93848,19.3,53632,43.5
17073,IL,Henry County,41.350021,-90.130838,61.3,58042,33.8
17077,IL,Jackson County,37.786096,-89.381212,103.1,41445,23.7
17079,IL,Jasper County,39.004874,-88.150763,19.6,54552,40.2
17081,IL,Jefferson County,38.30078,-88.92421,68,47425,30.6
17083,IL,Jersey County,39.080192,-90.361365,62.2,59117,37.5
17087,IL,Johnson County,37.460815,-88.882962,36.6,53884,31.5
17089,IL,Kane County,41.939594,-88.42804,990.8,79834,22.5
17099,IL,LaSalle County,41.343341,-88.885931,100.4,54063,35.6
17103,IL,Lee County,41.747442,-89.299351,49.7,54915,34.2
17105,IL,Livingston County,40.894376,-88.552852,37.3,59323,43.1
17107,IL,Logan County,40.12907,-89.365308,49,52959,35
17109,IL,McDonough County,40.455789,-90.677579,55.3,42887,30.6
17113,IL,McLean County,40.494559,-88.844539,143.3,67087,25.1
17115,IL,Macon County,39.860237,-88.961529,190.8,50684,34.4
17117,IL,Macoupin County,39.2659,-89.926344,55.4,53409,38.6
17119,IL,Madison County,38.827082,-89.900195,376.3,60121,30.7
17121,IL,Marion County,38.648396,-88.920221,68.9,46096,35.2
17123,IL,Marshall County,41.031119,-89.342371,32.7,57422,41.4
17125,IL,Mason County,40.236993,-89.913575,27.2,48764,44.2
17127,IL,Massac County,37.216119,-88.705658,65,43783,34.2
17137,IL,Morgan County,39.716806,-90.202277,62.5,48976,40.7
17139,IL,Moultrie County,39.636896,-88.625726,44.2,59901,33.2
17143,IL,Peoria County,40.785999,-89.767358,301.2,56478,27
17145,IL,Perry County,38.084385,-89.368487,50.6,49965,38.6
17147,IL,Piatt County,40.009056,-88.592328,38.1,67460,34.1
17149,IL,Pike County,39.625106,-90.889034,19.8,47815,41.2
17151,IL,Pope County,37.417169,-88.542374,12.1,43053,34.4
17155,IL,Putnam County,41.19894,-89.298386,37.5,66319,38.5
17165,IL,Saline County,37.751653,-88.545031,65.6,40761,28.5
17167,IL,Sangamon County,39.756378,-89.662311,227.4,62242,27.9
17169,IL,Schuyler County,40.156905,-90.613464,17.3,52018,37.8
17171,IL,Scott County,39.63698,-90.477759,21.3,55198,48.7
17173,IL,Shelby County,39.384926,-88.798862,29.5,56509,44.9
17179,IL,Tazewell County,40.508074,-89.51626,208.6,61508,31.9
17181,IL,Union County,37.475104,-89.252875,43.1,49716,33
17185,IL,Wabash County,38.445821,-87.839167,53.5,53414,30.8
17189,IL,Washington County,38.353141,-89.417187,26.2,66937,33.6
17191,IL,Wayne County,38.431948,-88.432129,23.5,50471,36.3
17193,IL,White County,38.087372,-88.178585,29.6,49507,38.4
17195,IL,Whiteside County,41.750571,-89.910957,85.5,57197,37.1
17197,IL,Will County,41.448474,-87.978456,809.6,86108,26.7
17199,IL,Williamson County,37.730353,-88.930018,157.9,46187,30.6
17203,IL,Woodford County,40.789596,-89.210301,73.3,72247,32.1
18001,IN,Adams County,40.745733,-84.936131,101.4,56693,39.7
18005,IN,Bartholomew County,39.205843,-85.897999,188.7,63067,32.6
18009,IN,Blackford County,40.472672,-85.32373,77.3,45161,48.1
18015,IN,Carroll County,40.58498,-86.565141,54.1,57092,40.7
18017,IN,Cass County,40.753799,-86.355169,94.5,48598,38.3
18019,IN,Clark County,38.476217,-85.711122,295.6,56774,34.2
18021,IN,Clay County,39.393951,-87.115837,75.2,52699,44.4
18023,IN,Clinton County,40.305944,-86.477567,82,51730,44.1
18027,IN,Daviess County,38.696155,-87.076988,73.7,55434,33.8
18031,IN,Decatur County,39.30598,-85.499831,69.1,57441,43.8
18035,IN,Delaware County,40.227165,-85.398856,300.1,43096,34.6
18041,IN,Fayette County,39.639655,-85.185032,112.9,47737,43
18043,IN,Floyd County,38.317937,-85.911474,504.1,64992,30
18045,IN,Fountain County,40.121282,-87.234806,43.6,53493,44.2
18047,IN,Franklin County,39.409762,-85.066964,60.1,62251,42.8
18049,IN,Fulton County,41.050384,-86.265006,56.6,52798,40.3
18059,IN,Hancock County,39.822604,-85.772904,228.8,73831,32.8
18061,IN,Harrison County,38.18644,-86.103681,81.2,60379,40.1
18063,IN,Hendricks County,39.768749,-86.510287,357.4,80834,27.2
18067,IN,Howard County,40.483537,-86.114118,282.4,55365,36.5
18071,IN,Jackson County,38.911957,-86.042516,83.2,55518,43.5
18073,IN,Jasper County,41.017688,-87.118814,59.8,66720,42.3
18075,IN,Jay County,40.434972,-85.00338,55.4,48392,47.2
18079,IN,Jennings County,38.996234,-85.628111,75.7,51560,45.9
18083,IN,Knox County,38.688663,-87.420182,74.5,48606,35.8
18093,IN,Lawrence County,38.839815,-86.48782,102.7,53187,43.4
18095,IN,Madison County,40.166203,-85.722454,291.3,49522,39
18097,IN,Marion County,39.782976,-86.135794,2279.6,48409,28
18107,IN,Montgomery County,40.040296,-86.892715,75.6,53700,41.3
18109,IN,Morgan County,39.482646,-86.447457,170.5,66151,40
18111,IN,Newton County,40.962399,-87.402172,35.5,53060,44.2
18117,IN,Orange County,38.547381,-86.489257,49.8,44968,45.1
18119,IN,Owen County,39.317339,-86.838845,56,49731,42.6
18125,IN,Pike County,38.397898,-87.232532,38.4,54265,42.6
18131,IN,Pulaski County,41.045272,-86.692538,30.9,49730,47
18133,IN,Putnam County,39.665545,-86.853325,79,54718,43.8
18135,IN,Randolph County,40.164414,-85.005004,57.9,46441,42.5
18143,IN,Scott County,38.679431,-85.751898,127,44913,44.2
18153,IN,Sullivan County,39.089225,-87.415843,48,47554,44.7
18159,IN,Tipton County,40.310229,-86.056207,61.2,60896,41.1
18161,IN,Union County,39.623111,-84.925152,46.6,50300,48
18165,IN,Vermillion County,39.854045,-87.462071,63.1,49287,44.2
18167,IN,Vigo County,39.429143,-87.390375,267.4,48335,32.2
18171,IN,Warren County,40.352658,-87.375847,23.3,60596,43.2
18175,IN,Washington County,38.600613,-86.104751,55,44534,43.6
18177,IN,Wayne County,39.863091,-85.006735,171.5,45130,38
18179,IN,Wells County,40.735273,-85.212974,75.1,60010,40
18181,IN,White County,40.75095,-86.864293,48.8,58380,41.4
19001,IA,Adair County,41.328528,-94.478164,13.5,54282,43.1
19007,IA,Appanoose County,40.744683,-92.870345,25.9,44298,37
19017,IA,Bremer County,42.78089,-92.327586,55.7,74646,32.3
19029,IA,Cass County,41.333824,-94.933302,24.7,50356,37.9
19037,IA,Chickasaw County,43.059741,-92.31721,24.7,64190,43.5
19045,IA,Clinton County,41.898073,-90.534243,70.7,51317,37.2
19047,IA,Crawford County,42.043119,-95.38909,23.9,54828,36
19051,IA,Davis County,40.748089,-92.410345,17.4,54830,33.8
19055,IA,Delaware County,42.473003,-91.359443,30.7,61342,43.1
19057,IA,Des Moines County,40.915339,-91.186925,96.9,51805,32.8
19067,IA,Floyd County,43.052741,-92.787367,32.6,53811,34
19071,IA,Fremont County,40.743726,-95.599516,14.6,54658,35.9
19073,IA,Greene County,42.042494,-94.388703,16.4,51861,39.5
19091,IA,Humboldt County,42.782221,-94.202775,22.6,60166,35.9
19093,IA,Ida County,42.39186,-95.507421,16.4,60312,38.3
19101,IA,Jefferson County,41.00688,-91.967137,38.7,46715,27.7
19107,IA,Keokuk County,41.331182,-92.167721,18.1,52122,41.2
19111,IA,Lee County,40.647588,-91.477157,69.3,48241,41
19113,IA,Linn County,42.077951,-91.597674,294.6,64878,27.1
19117,IA,Lucas County,41.033344,-93.331467,20.7,49956,41.6
19121,IA,Madison County,41.330622,-94.015184,27.9,74794,35.9
19125,IA,Marion County,41.331455,-93.093849,60.1,63491,35.5
19135,IA,Monroe County,41.028847,-92.869642,18.4,56541,40.7
19137,IA,Montgomery County,41.021735,-95.15779,25.3,49966,37.1
19145,IA,Page County,40.73909,-95.14429,29.8,54313,34.6
19159,IA,Ringgold County,40.735334,-94.244251,9.6,48754,38.9
19165,IA,Shelby County,41.679014,-95.308917,20.6,58862,36.1
19173,IA,Taylor County,40.737949,-94.697108,11.9,47781,39.2
19177,IA,Van Buren County,40.754117,-91.952943,15.6,47905,40.8
19179,IA,Wapello County,41.031263,-92.409482,82.5,48226,35.7
19185,IA,Wayne County,40.739983,-93.332613,12.2,46725,44.7
20001,KS,Allen County,37.884229,-95.300945,26.7,44423,34
20009,KS,Barton County,38.481239,-98.767837,30.9,49991,32.4
20015,KS,Butler County,37.773681,-96.838762,46.1,65953,26.5
20017,KS,Chase County,38.298553,-96.594064,3.6,50981,27.6
20021,KS,Cherokee County,37.169392,-94.845698,36.8,44475,33.5
20023,KS,Cheyenne County,39.789256,-101.727302,2.7,43274,30.2
20025,KS,Clark County,37.233831,-99.813869,2.3,51235,27.5
20031,KS,Coffey County,38.23645,-95.729137,13.7,58371,33.4
20033,KS,Comanche County,37.189071,-99.254089,2.4,46818,32.8
20035,KS,Cowley County,37.234507,-96.837247,32.3,47864,30.7
20043,KS,Doniphan County,39.788502,-95.147225,20.2,50949,36
20057,KS,Ford County,37.688365,-99.884734,30.8,56052,24.9
20059,KS,Franklin County,38.558019,-95.278962,45.5,58033,38.9
20067,KS,Grant County,37.547537,-101.299362,13.6,61614,27.9
20071,KS,Greeley County,38.480408,-101.805984,1.6,51606,29
20073,KS,Greenwood County,37.878659,-96.242232,5.9,43083,34.6
20077,KS,Harper County,37.188184,-98.06659,7.5,45570,40
20085,KS,Jackson County,39.410989,-95.794509,20.5,56330,39.1
20089,KS,Jewell County,39.77701,-98.222584,3.4,44271,42.4
20093,KS,Kearny County,37.994461,-101.308136,4.6,63248,26.6
20095,KS,Kingman County,37.552951,-98.144529,9.1,56005,31.8
20097,KS,Kiowa County,37.561231,-99.286539,3.5,64399,27.9
20099,KS,Labette County,37.191468,-95.297473,33.5,44571,32.6
20107,KS,Linn County,38.216549,-94.844932,16.3,47153,38.5
20117,KS,Marshall County,39.782709,-96.521243,11.2,51066,43.2
20119,KS,Meade County,37.243886,-100.360094,4.7,67220,29
20127,KS,Morris County,38.687696,-96.644905,8.5,49287,37
20135,KS,Ness County,38.480437,-99.908745,2.9,51757,33.7
20159,KS,Rice County,38.347178,-98.201415,13.9,51686,28.7
20163,KS,Rooks County,39.346006,-99.324492,5.8,47365,31.3
20167,KS,Russell County,38.916839,-98.765638,7.9,45879,27.3
20171,KS,Scott County,38.481877,-100.90636,6.9,63790,28.9
20181,KS,Sherman County,39.351352,-101.719859,5.7,45966,31.9
20185,KS,Stafford County,38.03563,-98.719889,5.6,47835,30.3
20187,KS,Stanton County,37.565932,-101.789383,3.3,60136,30.2
20193,KS,Thomas County,39.357706,-101.083439,7.4,55345,25.5
21005,KY,Anderson County,38.005396,-84.986417,106.1,60908,36.8
21007,KY,Ballard County,37.05112,-89.009178,33.4,47658,37.7
21017,KY,Bourbon County,38.202562,-84.20986,69,48614,37.3
21021,KY,Boyle County,37.6182,-84.873016,157.8,47528,34.7
21023,KY,Bracken County,38.678523,-84.100355,41.3,56432,44
21027,KY,Breckinridge County,37.778109,-86.432829,35.4,47284,44.6
21029,KY,Bullitt County,37.969572,-85.703036,250.2,61022,41.6
21035,KY,Calloway County,36.620978,-88.274086,96.6,41873,32.4
21039,KY,Carlisle County,36.857726,-88.975757,26.9,41249,36.5
21053,KY,Clinton County,36.729124,-85.153499,52.1,31118,38.8
21055,KY,Crittenden County,37.358149,-88.10501,25.9,43624,42.2
21057,KY,Cumberland County,36.784227,-85.393499,22.5,33541,41.6
21061,KY,Edmonson County,37.227856,-86.217778,40.2,43151,42
21063,KY,Elliott County,38.116425,-83.097541,33.5,35446,43.7
21065,KY,Estill County,37.69246,-83.963927,58,35701,45.5
21073,KY,Franklin County,38.234919,-84.868786,237.2,53134,30.6
21075,KY,Fulton County,36.55262,-89.187723,33.2,32355,38.9
21081,KY,Grant County,38.64921,-84.625946,95.6,53965,48.7
21085,KY,Grayson County,37.458577,-86.344011,51.8,40780,41.7
21093,KY,Hardin County,37.695836,-85.963183,169.3,52278,30.3
21095,KY,Harlan County,36.859223,-83.221497,62.9,29521,34.7
21099,KY,Hart County,37.313856,-85.881995,44.2,37038,40.4
21103,KY,Henry County,38.451561,-85.120079,53.9,53405,42.1
21105,KY,Hickman County,36.675916,-88.97202,20.2,44290,39.4
21109,KY,Jackson County,37.40332,-84.020686,39.1,35317,42.6
21111,KY,Jefferson County,38.189533,-85.657624,1948.1,55860,26.8
21115,KY,Johnson County,37.84926,-82.830639,89.2,39381,34.8
21119,KY,Knott County,37.354703,-82.949138,46.5,32228,32.4
21123,KY,Larue County,37.545518,-85.697209,54.3,45458,40.2
21129,KY,Lee County,37.605383,-83.718497,37.8,29124,37.2
21131,KY,Leslie County,37.087846,-83.388616,28.2,31921,38.6
21135,KY,Lewis County,38.532051,-83.373303,28.7,35751,40.2
21143,KY,Lyon County,37.023976,-88.083391,38.9,48395,41.2
21147,KY,McCreary County,36.731136,-84.491052,42.9,30029,42.7
21151,KY,Madison County,37.723528,-84.277008,189.6,51897,27.8
21153,KY,Magoffin County,37.698954,-83.069716,43.2,30950,32.7
21163,KY,Meade County,37.967476,-86.200863,93.6,57613,34.3
21187,KY,Owen County,38.499603,-84.841509,30.9,48998,50
21189,KY,Owsley County,37.423452,-83.691566,24.1,26278,37
21191,KY,Pendleton County,38.690765,-84.354041,53.7,54583,43.5
21197,KY,Powell County,37.810379,-83.826985,70.5,37776,42
21225,KY,Union County,37.658029,-87.95165,43.8,47067,45.9
21229,KY,Washington County,37.754209,-85.175416,39.4,50246,42
21237,KY,Wolfe County,37.743774,-83.495068,33.1,30144,37.8
21239,KY,Woodford County,38.042789,-84.748147,132.1,66164,27.5
22027,LA,Claiborne Parish,32.827585,-92.991125,22.8,33659,41.4
22059,LA,LaSalle Parish,31.680836,-92.161809,23.8,45742,41.8
22067,LA,Morehouse Parish,32.820008,-91.800399,35.2,34023,44.2
22081,LA,Red River Parish,32.101213,-93.34905,23.4,36865,40
22107,LA,Tensas Parish,32.001489,-91.342576,8.7,28962,47.1
23001,ME,Androscoggin County,44.167681,-70.207435,230.2,49935,36.5
23003,ME,Aroostook County,46.727057,-68.64941,10.8,39450,37.2
23009,ME,Hancock County,44.564906,-68.370703,34.3,52148,32.3
23011,ME,Kennebec County,44.417012,-69.765764,140.8,52154,32.9
23013,ME,Knox County,44.042045,-69.038515,108.8,56678,33.5
23023,ME,Sagadahoc County,43.916694,-69.843994,139.1,65969,30.1
24001,MD,Allegany County,39.612309,-78.703108,177,43535,41.9
24009,MD,Calvert County,38.521358,-76.525864,416.3,106270,30.3
24047,MD,Worcester County,38.222133,-75.309932,109.9,59266,31.6
24510,MD,Baltimore city,39.300214,-76.610516,7671.5,50501,29.9
25009,MA,Essex County,42.642711,-70.865107,1508.8,76373,25.2
25015,MA,Hampshire County,42.339459,-72.663694,299.8,74456,23.6
26003,MI,Alger County,47.080077,-86.564108,10.5,47441,44.3
26007,MI,Alpena County,44.894954,-83.426574,51.8,42792,33.5
26011,MI,Arenac County,44.03687,-83.740675,43.8,42540,42.3
26017,MI,Bay County,43.699711,-83.978701,243.7,50576,34.7
26023,MI,Branch County,41.918585,-85.066523,89.4,50477,41.3
26031,MI,Cheboygan County,45.47612,-84.495271,36.6,48589,37.9
26035,MI,Clare County,43.991137,-84.838325,54.8,39394,38.2
26041,MI,Delta County,45.805101,-86.901373,31.7,49292,33.3
26051,MI,Gladwin County,43.98975,-84.389816,51.2,44635,39.6
26053,MI,Gogebic County,46.488054,-89.788314,14.9,39934,37.6
26059,MI,Hillsdale County,41.864475,-84.642409,78.1,50388,38.5
26071,MI,Iron County,46.170249,-88.540409,10.1,40959,43.8
26085,MI,Lake County,43.995187,-85.8114,20.3,36044,42.6
26087,MI,Lapeer County,43.088633,-83.224325,137.4,65209,35.7
26095,MI,Luce County,46.940602,-85.582368,7.4,43196,38.5
26097,MI,Mackinac County,46.167981,-85.303756,10.9,46645,34.3
26099,MI,Macomb County,42.671467,-82.910869,1754.9,62191,29.7
26101,MI,Manistee County,44.350385,-86.602967,45.6,47401,36.1
26111,MI,Midland County,43.648378,-84.37922,162,58057,29
26115,MI,Monroe County,41.916097,-83.487106,276.7,62522,36.1
26121,MI,Muskegon County,43.289258,-86.751892,344.9,49960,34.5
26131,MI,Ontonagon County,47.216604,-89.500461,5.2,40798,40.7
26137,MI,Otsego County,45.021794,-84.576597,46.9,51292,33.9
26141,MI,Presque Isle County,45.489515,-83.384019,20.3,45502,39.4
26143,MI,Roscommon County,44.339517,-84.611272,47.1,38613,40.7
26145,MI,Saginaw County,43.328267,-84.05541,250.2,48805,33.6
26147,MI,St. Clair County,42.928804,-82.668914,226.1,56557,34.4
26155,MI,Shiawassee County,42.951545,-84.146352,133.1,54149,36.3
26157,MI,Tuscola County,43.487902,-83.436618,69.4,51113,41.7
27001,MN,Aitkin County,46.602446,-93.41976,8.9,44016,37.7
27005,MN,Becker County,46.937629,-95.741757,24.7,59440,32
27007,MN,Beltrami County,47.878825,-94.986698,17.7,47073,28.1
27017,MN,Carlton County,46.603818,-92.671044,41.1,60412,34.2
27021,MN,Cass County,46.951427,-94.333773,14.1,48651,33.2
27023,MN,Chippewa County,45.028625,-95.564108,21.4,53540,35.9
27025,MN,Chisago County,45.505444,-92.903849,129.9,82814,33.9
27031,MN,Cook County,47.538571,-90.29019,3.6,54465,22.9
27035,MN,Crow Wing County,46.491114,-94.071213,62.6,53481,30.3
27049,MN,Goodhue County,44.406178,-92.716,61,67039,32.9
27059,MN,Isanti County,45.562431,-93.296339,86.8,73468,33.8
27063,MN,Jackson County,43.673025,-95.149704,14.6,57786,34.2
27065,MN,Kanabec County,45.94776,-93.297788,31.1,56950,40.2
27073,MN,Lac qui Parle County,44.999855,-96.176836,9.5,52445,36.8
27075,MN,Lake County,47.517111,-91.411704,5.2,61015,31.5
27077,MN,Lake of the Woods County,48.7681,-94.904634,3.1,52058,39
27085,MN,McLeod County,44.821644,-94.27232,74.6,61959,36.4
27093,MN,Meeker County,45.123156,-94.527346,38.3,66557,36.3
27097,MN,Morrison County,46.020484,-94.266619,29.5,57471,38.4
27107,MN,Norman County,47.32947,-96.463807,7.9,48799,38.3
27119,MN,Polk County,47.774254,-96.400027,16,60180,32.3
27125,MN,Red Lake County,47.865487,-96.08718,9.5,54412,38.4
27133,MN,Rock County,43.669587,-96.263238,20.1,63503,33.5
27137,MN,St. Louis County,47.583852,-92.463645,32,53833,28
27153,MN,Todd County,46.066569,-94.900576,26.3,58113,36.4
27159,MN,Wadena County,46.586784,-94.988331,25.8,46312,37.2
27167,MN,Wilkin County,46.362335,-96.476657,8.8,61387,29.7
27173,MN,Yellow Medicine County,44.715736,-95.862756,13.8,56528,35.5
28003,MS,Alcorn County,34.886648,-88.581014,92.6,40010,32.6
28011,MS,Bolivar County,33.799278,-90.884476,39,33116,24.7
28019,MS,Choctaw County,33.345964,-89.251332,20.4,38479,38
28025,MS,Clay County,33.661734,-88.783326,50.3,38121,33.9
28027,MS,Coahoma County,34.22867,-90.603165,47.3,29380,24.5
28041,MS,Greene County,31.212846,-88.634811,20.2,42022,35.6
28045,MS,Hancock County,30.391437,-89.47985,92.7,49843,27.2
28055,MS,Issaquena County,32.754977,-90.988552,3.4,26936,37.7
28057,MS,Itawamba County,34.281075,-88.363127,43.9,45720,30.2
28065,MS,Jefferson Davis County,31.564734,-89.826626,30.6,31739,35.8
28081,MS,Lee County,34.288965,-88.680887,184.3,51088,25
28093,MS,Marshall County,34.76619,-89.504231,52.6,40285,40.1
28103,MS,Noxubee County,33.10627,-88.565787,16.6,32167,32.2
28117,MS,Prentiss County,34.620866,-88.52224,60.9,41281,33.7
28131,MS,Stone County,30.790184,-89.112297,39.9,44622,34.1
28139,MS,Tippah County,34.763618,-88.918819,48.6,39833,35.9
28141,MS,Tishomingo County,34.737699,-88.236067,46.2,41455,41
28143,MS,Tunica County,34.652201,-90.37177,23.7,33143,31.1
28145,MS,Union County,34.489101,-89.0023,65.3,46600,31.6
28153,MS,Wayne County,31.64476,-88.682057,25.6,37401,37.7
28155,MS,Webster County,33.612048,-89.283836,24.4,43349,36.8
28157,MS,Wilkinson County,31.160249,-91.325567,14.6,29900,40.3
29001,MO,Adair County,40.190666,-92.603592,45.1,40395,35.8
29003,MO,Andrew County,39.988863,-94.803551,40,57459,38.1
29005,MO,Atchison County,40.431846,-95.437555,10.4,49122,39.6
29007,MO,Audrain County,39.21448,-91.843415,36.9,44340,46.4
29013,MO,Bates County,38.257217,-94.339246,20.4,45955,46.2
29015,MO,Benton County,38.301036,-93.287942,27.1,40025,40.8
29023,MO,Butler County,36.71518,-90.40313,61.6,38067,36
29027,MO,Callaway County,38.835966,-91.924089,53.1,53970,37.2
29029,MO,Camden County,38.031995,-92.765138,67.1,48580,37.7
29039,MO,Cedar County,37.733655,-93.850014,29.5,37288,40.2
29041,MO,Chariton County,39.517969,-92.961621,10.4,48421,48.9
29043,MO,Christian County,36.969739,-93.187614,137.6,58057,30.4
29045,MO,Clark County,40.407275,-91.729472,14.1,46832,44
29049,MO,Clinton County,39.608723,-94.395803,49.5,58641,39.4
29053,MO,Cooper County,38.845386,-92.812323,31.2,52513,38.8
29055,MO,Crawford County,37.966561,-91.313933,33.3,42774,39.3
29059,MO,Dallas County,37.683583,-93.033812,31,38765,42.1
29065,MO,Dent County,37.60325,-91.495916,20.8,39392,40.4
29069,MO,Dunklin County,36.153025,-90.062254,59.1,37331,37.4
29077,MO,Greene County,37.258196,-93.340641,407.5,44799,28.2
29079,MO,Grundy County,40.112541,-93.565054,23.6,40315,40
29083,MO,Henry County,38.386491,-93.792628,32,44978,42.5
29085,MO,Hickory County,37.9367,-93.322835,24.1,35025,43.4
29087,MO,Holt County,40.095724,-95.219072,10.6,47191,43.9
29089,MO,Howard County,39.143365,-92.695926,21.9,45767,38.5
29091,MO,Howell County,36.774369,-91.887368,43.6,36762,39.6
29093,MO,Iron County,37.62596,-90.699627,19.3,37755,42.2
29099,MO,Jefferson County,38.257414,-90.543138,333.1,65150,31.8
29103,MO,Knox County,40.136776,-92.146809,8.2,39309,46.1
29109,MO,Lawrence County,37.106135,-93.833262,63.2,45074,37
29111,MO,Lewis County,40.084559,-91.728803,20.2,48179,45.9
29113,MO,Lincoln County,39.058568,-90.957771,83.9,62238,42.2
29123,MO,Madison County,37.473235,-90.345453,24.7,40191,34.4
29125,MO,Maries County,38.162615,-91.923601,17.4,46371,40.3
29127,MO,Marion County,39.807538,-91.635379,65.9,49393,38.2
29131,MO,Miller County,38.21672,-92.429871,41.8,47225,43.1
29135,MO,Moniteau County,38.633037,-92.583642,37.6,57047,42.3
29137,MO,Monroe County,39.49827,-92.006458,13.6,46216,48.3
29141,MO,Morgan County,38.420807,-92.874835,34.4,45276,40.1
29143,MO,New Madrid County,36.594261,-89.655949,28.1,38093,44.3
29147,MO,Nodaway County,40.360484,-94.883281,26.6,46698,38.6
29149,MO,Oregon County,36.684867,-91.402902,13.8,32720,40.2
29153,MO,Ozark County,36.649643,-92.45858,13.1,34367,44.6
29155,MO,Pemiscot County,36.209916,-89.785942,37.1,31831,41.3
29159,MO,Pettis County,38.727367,-93.285207,61.9,45254,34.5
29163,MO,Pike County,39.344178,-91.171042,27.6,43591,45.1
29167,MO,Polk County,37.616761,-93.400817,49,45336,37.1
29169,MO,Pulaski County,37.824835,-92.207022,95.5,52532,27.6
29171,MO,Putnam County,40.478606,-93.014531,9.6,40866,41
29173,MO,Ralls County,39.553455,-91.524787,21.6,57549,49
29175,MO,Randolph County,39.441601,-92.492725,52.7,44975,35.4
29177,MO,Ray County,39.308401,-93.995746,41.3,58693,46
29181,MO,Ripley County,36.648902,-90.86706,22.4,32802,42
29186,MO,Ste. Genevieve County,37.89018,-90.18117,36.4,59043,40
29187,MO,St. Francois County,37.810707,-90.473868,144.6,45584,37.7
29197,MO,Schuyler County,40.469361,-92.519016,14.4,39463,46.9
29199,MO,Scotland County,40.447686,-92.142824,11.1,42053,39
29205,MO,Shelby County,39.797531,-92.088719,12.7,44564,42.6
29209,MO,Stone County,36.747857,-93.467782,69.4,46026,33.1
29211,MO,Sullivan County,40.209587,-93.109783,10.4,41978,49.3
29213,MO,Taney County,36.649827,-93.042819,81.7,40887,34
29215,MO,Texas County,37.314257,-91.964478,22.1,34824,39.9
29221,MO,Washington County,37.942315,-90.897056,33.2,38591,38.7
29223,MO,Wayne County,37.113825,-90.460868,17.8,33703,37.5
30001,MT,Beaverhead County,45.133863,-112.892869,1.7,47674,29.2
30003,MT,Big Horn County,45.407869,-107.518163,2.6,40425,35.8
30005,MT,Blaine County,48.428282,-108.967648,1.5,39237,25.9
30009,MT,Carbon County,45.224475,-109.028551,4.9,53661,28.8
30015,MT,Chouteau County,47.886837,-110.436189,1.5,44645,32.5
30021,MT,Dawson County,47.272425,-104.901027,3.8,56167,37.1
30027,MT,Fergus County,47.222997,-109.22328,2.7,49147,29.8
30029,MT,Flathead County,48.314696,-114.054319,17.9,54382,29.9
30035,MT,Glacier County,48.705671,-112.990502,4.5,37719,41.6
30039,MT,Granite County,46.395358,-113.425683,1.8,48410,33.1
30055,MT,McCone County,47.629628,-105.757222,0.7,43650,41.1
30061,MT,Mineral County,47.155213,-115.06455,3.5,43458,36.3
30063,MT,Missoula County,47.027263,-113.892681,42.1,56207,21.3
30065,MT,Musselshell County,46.505665,-108.436982,2.4,43371,42.5
30071,MT,Phillips County,48.250155,-107.928833,0.8,44730,35.8
30073,MT,Pondera County,48.230312,-112.219928,3.8,42890,34
30087,MT,Rosebud County,46.161734,-106.701953,1.8,57674,32.1
30091,MT,Sheridan County,48.705523,-104.533913,2,51690,29.3
30093,MT,Silver Bow County,45.895959,-112.660222,47.6,47302,33.8
30095,MT,Stillwater County,45.663496,-109.391752,5.1,66226,35.8
30097,MT,Sweet Grass County,45.81306,-109.941312,2,52747,37.1
30101,MT,Toole County,48.645052,-111.733493,2.8,46326,39.1
30105,MT,Valley County,48.365713,-106.687883,1.5,48390,37.4
31005,NE,Arthur County,41.570856,-101.697045,0.6,46862,26.4
31011,NE,Boone County,41.7054,-98.066794,8,51911,34.3
31013,NE,Box Butte County,42.215665,-103.087821,10.5,57952,33.6
31015,NE,Boyd County,42.894448,-98.773022,3.9,42431,41.7
31019,NE,Buffalo County,40.855226,-99.074983,47.6,59193,24.9
31021,NE,Burt County,41.854179,-96.337746,14,57548,37
31023,NE,Butler County,41.226072,-97.13204,14.4,57208,37.7
31029,NE,Chase County,40.53039,-101.694192,4.4,54866,25.2
31039,NE,Cuming County,41.915865,-96.788517,16,59219,36.1
31041,NE,Custer County,41.393893,-99.726866,4.2,49995,31.7
31045,NE,Dawes County,42.711214,-103.134872,6.6,47487,23.9
31049,NE,Deuel County,41.112988,-102.332604,4.4,47097,33.4
31053,NE,Dodge County,41.577008,-96.645853,69.4,51682,36.3
31061,NE,Franklin County,40.183203,-98.96208,5.6,48778,35.5
31089,NE,Holt County,42.459287,-98.784766,4.3,55965,33
31095,NE,Jefferson County,40.175736,-97.143103,13.2,47075,39.9
31099,NE,Kearney County,40.506269,-98.948461,12.6,64456,34.2
31101,NE,Keith County,41.194404,-101.644474,7.9,52086,31.8
31111,NE,Lincoln County,41.050322,-100.744481,14.2,56803,30
31119,NE,Madison County,41.909929,-97.606856,60.9,55226,30.7
31121,NE,Merrick County,41.169801,-98.031051,16.2,56493,33
31127,NE,Nemaha County,40.387448,-95.850954,17.8,52069,31.4
31131,NE,Otoe County,40.637992,-96.131027,25.6,60734,36.4
31135,NE,Perkins County,40.856065,-101.636443,3.4,57251,25.3
31137,NE,Phelps County,40.516365,-99.406557,17,59003,31.9
31139,NE,Pierce County,42.271413,-97.610992,12.7,57367,34.4
31143,NE,Polk County,41.187925,-97.570663,12.3,59815,33
31149,NE,Rock County,42.413325,-99.45853,1.5,48260,38.9
31153,NE,Sarpy County,41.115064,-96.109125,664.6,79358,21.1
31155,NE,Saunders County,41.223152,-96.640923,27.7,67897,29.8
31159,NE,Seward County,40.871944,-97.140383,29.3,71024,26.9
31161,NE,Sheridan County,42.507074,-102.389698,2.2,43819,34.3
31163,NE,Sherman County,41.218743,-98.972849,5.6,47499,38.8
31167,NE,Stanton County,41.904793,-97.174724,14.3,66228,32.3
31177,NE,Washington County,41.533979,-96.224574,51.9,77838,30.9
31181,NE,Webster County,40.180646,-98.49859,6.6,45058,34.9
31183,NE,Wheeler County,41.937859,-98.522289,1.4,53369,34.3
32001,NV,Churchill County,39.525701,-118.270419,5,58429,32.4
32011,NV,Eureka County,39.977788,-116.272208,0.5,70036,39
32017,NV,Lincoln County,37.634605,-114.863037,0.5,55504,32.7
32029,NV,Storey County,39.438385,-119.524646,15.3,68236,30
33005,NH,Cheshire County,42.925455,-72.248217,109.1,60251,31.3
33017,NH,Strafford County,43.293177,-71.035927,333.7,69919,28
33019,NH,Sullivan County,43.361188,-72.222084,81.4,60034,37.2
34011,NJ,Cumberland County,39.328387,-75.121644,324.4,51790,38.5
34039,NJ,Union County,40.659871,-74.308696,5216.1,80737,28.7
35006,NM,Cibola County,34.93205,-108.000255,6,38097,31.8
35007,NM,Colfax County,36.612963,-104.640126,3.7,41592,32.8
35019,NM,Guadalupe County,34.869782,-104.784968,1.5,29515,42
35027,NM,Lincoln County,33.740941,-105.449083,4.2,45095,29.1
35041,NM,Roosevelt County,34.021457,-103.482725,8.1,41700,29.7
35051,NM,Sierra County,33.119479,-107.188161,2.9,31741,28.4
35055,NM,Taos County,36.576529,-105.637987,15,38405,26.3
35057,NM,Torrance County,34.634644,-105.846836,4.9,39123,36.6
35059,NM,Union County,36.488085,-103.475723,1.2,40426,42.1
36015,NY,Chemung County,42.155281,-76.747179,218.1,52565,36
36025,NY,Delaware County,42.193987,-74.966728,33.3,47382,37.7
36027,NY,Dutchess County,41.755009,-73.739951,373.9,79604,26.2
36033,NY,Franklin County,44.594374,-74.31067,31.7,48722,37.6
36035,NY,Fulton County,43.115609,-74.423678,112.1,51388,35.7
36039,NY,Greene County,42.286951,-74.149495,76.1,54514,38.2
36041,NY,Hamilton County,43.657879,-74.502456,2.8,59020,28.5
36049,NY,Lewis County,43.786397,-75.442617,21.3,52660,46.1
36123,NY,Yates County,42.638237,-77.104324,75,51089,34
37009,NC,Ashe County,36.436305,-81.49877,64,41864,32.3
37015,NC,Bertie County,36.06133,-76.962367,30.4,35433,38
37029,NC,Camden County,36.342344,-76.162488,41.5,65955,28.9
37031,NC,Carteret County,34.858313,-76.526967,131.3,55052,25.1
37039,NC,Cherokee County,35.136233,-84.061308,60.3,41262,34.6
37043,NC,Clay County,35.052997,-83.752264,49.3,42878,34.2
37075,NC,Graham County,35.348111,-83.830909,30.3,39502,37.2
37087,NC,Haywood County,35.557097,-82.972807,106.6,47183,26.5
37091,NC,Hertford County,36.363517,-76.981616,69.9,38216,31.7
37103,NC,Jones County,35.03216,-77.356443,21.6,43302,30.4
37131,NC,Northampton County,36.421774,-77.398352,41.2,37233,39.7
37133,NC,Onslow County,34.76346,-77.503297,233.1,50531,29.2
37139,NC,Pasquotank County,36.265276,-76.260355,179.2,46355,31.6
37143,NC,Perquimans County,36.178261,-76.404269,54.4,48337,30.8
37165,NC,Scotland County,34.840023,-79.477337,113.4,36730,34.1
37187,NC,Washington County,35.844589,-76.572334,38,36042,35.8
37193,NC,Wilkes County,36.209303,-81.165354,91.9,44080,31.5
38001,ND,Adams County,46.096815,-102.533198,2.4,53162,33.6
38009,ND,Bottineau County,48.794412,-100.831257,3.9,59161,29.2
38011,ND,Bowman County,46.107807,-103.506586,2.7,62270,30.7
38015,ND,Burleigh County,46.971843,-100.462001,49.8,72277,23.3
38023,ND,Divide County,48.818142,-103.497653,1.6,58715,36.7
38027,ND,Eddy County,47.723436,-98.900475,3.8,51327,31
38031,ND,Foster County,47.464327,-98.872817,5.3,58096,28.3
38033,ND,Golden Valley County,46.938924,-103.844612,1.7,58075,24.8
38035,ND,Grand Forks County,47.926003,-97.450851,46.5,54311,23.2
38039,ND,Griggs County,47.463463,-98.232444,3.4,54250,30.6
38043,ND,Kidder County,46.935385,-99.742727,1.8,45401,34.9
38045,ND,LaMoure County,46.464195,-98.526057,3.6,54514,27.7
38047,ND,Logan County,46.469278,-99.504585,2,50141,36.1
38051,ND,McIntosh County,46.117034,-99.443041,2.9,47288,29.7
38055,ND,McLean County,47.653055,-101.421794,4.2,64524,34.1
38057,ND,Mercer County,47.303279,-101.820765,8.1,82303,27.1
38059,ND,Morton County,46.713789,-101.279743,14.3,68043,30.6
38061,ND,Mountrail County,48.210291,-102.364756,4.2,67162,31.8
38063,ND,Nelson County,47.918667,-98.204428,3.2,50093,30.9
38077,ND,Richland County,46.265219,-96.93796,11.4,61174,27.5
38079,ND,Rolette County,48.768272,-99.840463,15.4,42021,25.2
38083,ND,Sheridan County,47.581373,-100.341499,1.4,39439,37.4
38085,ND,Sioux County,46.109282,-101.047525,3.8,37002,32.2
38087,ND,Slope County,46.445834,-103.462462,0.6,49843,28
38089,ND,Stark County,46.817031,-102.662026,18.1,71888,33
38093,ND,Stutsman County,46.971103,-98.957592,9.5,57002,34.6
38101,ND,Ward County,48.216686,-101.540537,30.6,63938,31.1
38103,ND,Wells County,47.580851,-99.671502,3.3,58261,34.2
39003,OH,Allen County,40.771528,-84.106546,264.2,50301,38.5
39005,OH,Ashland County,40.843274,-82.270121,125.6,54362,42.8
39007,OH,Ashtabula County,41.906644,-80.745641,144.6,46950,44.4
39011,OH,Auglaize County,40.561309,-84.224018,114.5,63754,43.7
39015,OH,Brown County,38.931377,-83.866772,91.5,55334,46.1
39021,OH,Champaign County,40.132759,-83.767543,93.5,57701,47.5
39023,OH,Clark County,39.917032,-83.783676,348,50089,36.8
39033,OH,Crawford County,40.848508,-82.924771,109,44715,45.8
39037,OH,Darke County,40.132176,-84.620438,88.5,53853,48.6
39039,OH,Defiance County,41.321679,-84.486433,94.9,56740,44
39047,OH,Fayette County,39.553845,-83.459327,71.4,47733,47.2
39051,OH,Fulton County,41.597264,-84.124267,105.3,62800,41.4
39053,OH,Gallia County,38.817046,-82.301746,66.3,43785,40.7
39063,OH,Hancock County,41.000471,-83.666034,140.7,61579,36.2
39065,OH,Hardin County,40.660415,-83.664077,68.1,49580,48.4
39067,OH,Harrison County,40.292318,-81.091565,39.4,50301,48.2
39069,OH,Henry County,41.335072,-84.065882,67.8,57705,43.2
39071,OH,Highland County,39.184488,-83.603668,78.8,49161,45.4
39073,OH,Hocking County,39.490343,-82.483445,69.7,50568,44.8
39083,OH,Knox County,40.40362,-82.422393,115.9,56885,40
39087,OH,Lawrence County,38.603866,-82.517186,137.7,43031,43.5
39091,OH,Logan County,40.387553,-83.766343,100,61699,49
39097,OH,Madison County,39.896607,-83.400885,93.2,61645,41.5
39101,OH,Marion County,40.588208,-83.172927,164.7,45419,43.4
39105,OH,Meigs County,39.089807,-82.028397,55.3,44286,41.8
39107,OH,Mercer County,40.535333,-84.632059,88.3,62782,46.5
39111,OH,Monroe County,39.725969,-81.090658,32.1,46314,52.2
39115,OH,Morgan County,39.624946,-81.861699,36.2,40557,45.6
39117,OH,Morrow County,40.525266,-82.797729,85.8,60452,44.5
39119,OH,Muskingum County,39.966046,-81.943506,129.5,49586,42.1
39127,OH,Perry County,39.743187,-82.237953,88.4,51534,44.9
39135,OH,Preble County,39.737906,-84.645358,99.7,53904,43.6
39141,OH,Ross County,39.323763,-83.059585,113.3,49385,42.3
39147,OH,Seneca County,41.120008,-83.127436,103,52165,46.1
39149,OH,Shelby County,40.33668,-84.204143,121.2,63398,42.5
39159,OH,Union County,40.295901,-83.367042,121.1,84861,34.1
39163,OH,Vinton County,39.252014,-82.485961,32.6,43457,46.2
39169,OH,Wayne County,40.829661,-81.887194,206.4,59142,39.4
39175,OH,Wyandot County,40.840122,-83.313172,55.6,55995,46.2
40001,OK,Adair County,35.8975,-94.651671,39.6,35156,45.6
40007,OK,Beaver County,36.748334,-100.483056,3.1,52550,36
40009,OK,Beckham County,35.273945,-99.671638,24.5,47825,38.4
40015,OK,Caddo County,35.16792,-98.381045,23.2,48533,39.9
40021,OK,Cherokee County,35.904367,-94.996796,62.7,42913,31.4
40023,OK,Choctaw County,34.027645,-95.554208,19.7,35308,39.4
40029,OK,Coal County,34.582861,-96.288039,11.5,39396,41.7
40037,OK,Creek County,35.907732,-96.379793,73.6,54478,40.5
40043,OK,Dewey County,35.978433,-99.014094,4.8,50728,39.4
40045,OK,Ellis County,36.224258,-99.750139,3.4,51867,38.6
40047,OK,Garfield County,36.378273,-97.787729,57.2,52387,36.8
40053,OK,Grant County,36.788254,-97.788151,4.5,49073,34.7
40057,OK,Harmon County,34.745971,-99.844194,5.4,38537,23.5
40059,OK,Harper County,36.800456,-99.662842,3.5,55112,30.8
40061,OK,Haskell County,35.232294,-95.109578,22.1,37776,37.4
40063,OK,Hughes County,35.052934,-96.251183,17.4,37566,39.2
40065,OK,Jackson County,34.593949,-99.41221,32.9,47747,27.6
40069,OK,Johnston County,34.313455,-96.654255,17,39756,35.6
40073,OK,Kingfisher County,35.949431,-97.934568,16.7,59266,35.4
40077,OK,Latimer County,34.875137,-95.272263,15.4,38284,36.2
40079,OK,Le Flore County,34.899642,-94.703491,31.7,38709,40.3
40081,OK,Lincoln County,35.703118,-96.881392,36,48039,39.2
40099,OK,Murray County,34.485766,-97.071557,32.4,50031,37.4
40107,OK,Okfuskee County,35.466804,-96.327762,19.7,37545,38.6
40117,OK,Pawnee County,36.313704,-96.696669,29.2,46949,43.7
40121,OK,Pittsburg County,34.92554,-95.74813,35.1,42376,38.5
40135,OK,Sequoyah County,35.502435,-94.750757,63,38998,38.5
40141,OK,Tillman County,34.371085,-98.931701,9.2,41186,33.6
40145,OK,Wagoner County,35.963479,-95.5141,130.1,62889,32.9
40153,OK,Woodward County,36.425619,-99.273661,16.2,55134,40.7
41015,OR,Curry County,42.466671,-124.211407,13.7,48788,26.7
41023,OR,Grant County,44.496326,-119.014057,1.6,46141,33.3
41029,OR,Jackson County,42.411782,-122.675797,73,55511,26.3
41033,OR,Josephine County,42.385382,-123.597245,50.4,46578,30.9
41043,OR,Linn County,44.494824,-122.543756,50.9,54292,30
42005,PA,Armstrong County,40.812379,-79.464128,105.5,49436,48
42009,PA,Bedford County,39.997115,-78.48998,49.2,50257,51.2
42013,PA,Blair County,40.497926,-78.31064,241.7,49244,45.4
42015,PA,Bradford County,41.791495,-76.502124,54.6,50978,46.7
42023,PA,Cameron County,41.438289,-78.198315,12.8,41770,47.4
42033,PA,Clearfield County,41.000249,-78.473749,71.3,46706,49.1
42051,PA,Fayette County,39.914115,-79.644586,172.8,50381,49.2
42053,PA,Forest County,41.513304,-79.249705,18.1,41750,55.6
42057,PA,Fulton County,39.910751,-78.122617,33.9,52277,52.2
42061,PA,Huntingdon County,40.422321,-77.968584,52.5,49019,49.2
42079,PA,Luzerne County,41.172787,-75.976035,360.4,53469,38.9
42081,PA,Lycoming County,41.343624,-77.055253,94.5,53820,39.1
42083,PA,McKean County,41.81459,-78.572463,44.4,46529,47.8
42085,PA,Mercer County,41.300014,-80.252786,173.4,48788,43.5
42093,PA,Montour County,41.029261,-76.665259,140.3,61314,40.9
42097,PA,Northumberland County,40.851524,-76.709877,206.2,47243,50
42109,PA,Snyder County,40.755348,-77.072954,120.8,56991,46.2
42119,PA,Union County,40.962179,-77.055475,142.2,55679,38.8
42127,PA,Wayne County,41.646589,-75.292485,72.8,53602,43.8
44001,RI,Bristol County,41.705271,-71.285053,2064,80231,19.9
44003,RI,Kent County,41.67775,-71.576314,985.9,69089,28.4
44005,RI,Newport County,41.502732,-71.284063,809.6,77760,21.7
44007,RI,Providence County,41.870488,-71.578242,1530.3,56141,30.9
44009,RI,Washington County,41.401162,-71.617612,385.7,86715,22.7
45003,SC,Aiken County,33.549317,-81.63387,149.5,52633,32.2
45023,SC,Chester County,34.689345,-81.161249,57.1,42116,41.2
45031,SC,Darlington County,34.332185,-79.962116,122.4,37206,35.4
45049,SC,Hampton County,32.778323,-81.143362,37.7,35871,46.9
45069,SC,Marlboro County,34.601805,-79.677942,60.3,33534,41.4
46003,SD,Aurora County,43.724719,-98.577587,3.8,53107,33.6
46013,SD,Brown County,45.589254,-98.352175,21.3,60082,30.5
46019,SD,Butte County,44.896435,-103.501762,4.5,44388,42.2
46021,SD,Campbell County,45.782241,-100.027951,2,45737,36.9
46029,SD,Codington County,44.966324,-97.198843,39.5,55580,36.8
46031,SD,Corson County,45.69834,-101.176017,1.6,34024,34.2
46033,SD,Custer County,43.684943,-103.46225,5.3,58806,30.6
46039,SD,Deuel County,44.75629,-96.690239,7,55404,37.7
46045,SD,Edmunds County,45.41168,-99.205362,3.6,58977,35.3
46047,SD,Fall River County,43.221504,-103.512102,4.1,46782,31.9
46057,SD,Hamlin County,44.680619,-97.178598,11.6,65776,42.3
46059,SD,Hand County,44.546713,-99.004575,2.4,52568,32.7
46067,SD,Hutchinson County,43.33671,-97.749383,9,54434,33
46071,SD,Jackson County,43.677294,-101.626455,1.6,34122,33.3
46081,SD,Lawrence County,44.353669,-103.796528,30.1,51774,30
46083,SD,Lincoln County,43.27942,-96.722286,77.7,84889,21.7
46089,SD,McPherson County,45.784249,-99.211421,2.2,39850,33.1
46091,SD,Marshall County,45.737054,-97.580884,5.6,56862,32.4
46093,SD,Meade County,44.606792,-102.715864,7.3,59524,30.6
46099,SD,Minnehaha County,43.667472,-96.795726,210,60033,27.2
46101,SD,Moody County,44.012429,-96.676054,12.5,57392,32.8
46115,SD,Spink County,44.931034,-98.339644,4.3,50590,36.5
46119,SD,Sully County,44.722325,-100.131399,1.4,59457,34.7
46135,SD,Yankton County,43.006607,-97.388339,43.1,56535,33
46137,SD,Ziebach County,44.981666,-101.669225,1.4,32341,37.6
47005,TN,Benton County,36.069253,-88.071212,41.8,38940,46.5
47007,TN,Bledsoe County,35.593668,-85.205979,31.7,40195,38.7
47015,TN,Cannon County,35.808394,-86.062404,52,51859,48.5
47017,TN,Carroll County,35.967896,-88.451659,47.6,42025,41.6
47019,TN,Carter County,36.284744,-82.126593,168.3,39202,39.4
47027,TN,Clay County,36.545765,-85.545718,33.2,34238,46.1
47031,TN,Coffee County,35.488759,-86.078219,123.1,49494,38.7
47033,TN,Crockett County,35.811312,-89.135349,54.9,44431,41.9
47035,TN,Cumberland County,35.952398,-84.994761,82.3,46527,40
47039,TN,Decatur County,35.603422,-88.107384,35.2,42905,43.8
47041,TN,DeKalb County,35.98222,-85.833596,61.5,47420,42.2
47045,TN,Dyer County,36.054196,-89.398306,74.8,44302,37.3
47049,TN,Fentress County,36.376079,-84.932703,36,36687,44.3
47053,TN,Gibson County,35.991694,-88.933776,82.4,42720,38.8
47059,TN,Greene County,36.178998,-82.847746,110.6,44366,42.4
47061,TN,Grundy County,35.387273,-85.722188,38,36317,42.1
47071,TN,Hardin County,35.201893,-88.185696,45.1,37690,42.9
47073,TN,Hawkins County,36.452206,-82.931386,116.7,42188,43.2
47075,TN,Haywood County,35.58669,-89.282536,35.2,39574,45.1
47077,TN,Henderson County,35.653995,-88.387674,53.4,43491,40.2
47079,TN,Henry County,36.325398,-88.300384,57.5,43159,47.2
47091,TN,Johnson County,36.453204,-81.861237,61.1,35778,41.9
47095,TN,Lake County,36.333905,-89.485537,47.2,33709,43.8
47097,TN,Lauderdale County,35.762951,-89.627732,58.9,38849,44.6
47101,TN,Lewis County,35.523244,-87.496983,43.1,40541,41.3
47103,TN,Lincoln County,35.142532,-86.593388,58.5,51249,40.7
47109,TN,McNairy County,35.175626,-88.564671,46.3,39859,44.2
47113,TN,Madison County,35.606056,-88.833424,176.4,46651,34.5
47123,TN,Monroe County,35.447666,-84.249786,70,45566,40.2
47129,TN,Morgan County,36.138697,-84.639262,42.1,40397,50.3
47131,TN,Obion County,36.358175,-89.150175,58.4,42532,44.8
47133,TN,Overton County,36.34485,-85.283076,50.9,42149,45.2
47135,TN,Perry County,35.659785,-87.877027,19.1,41960,35.5
47137,TN,Pickett County,36.559364,-85.075741,31.2,40182,40.9
47139,TN,Polk County,35.109437,-84.541112,38.7,41968,39.1
47145,TN,Roane County,35.847472,-84.523861,150.2,54440,37.1
47151,TN,Scott County,36.437239,-84.498386,41.8,35685,45
47159,TN,Smith County,36.25565,-85.942078,61,50704,46.9
47161,TN,Stewart County,36.511756,-87.851548,29,46565,42.5
47163,TN,Sullivan County,36.510212,-82.299397,379.4,46024,34.7
47171,TN,Unicoi County,36.100215,-82.418245,98.4,43688,40.5
47173,TN,Union County,36.28414,-83.836088,85.5,40322,46
47175,TN,Van Buren County,35.699245,-85.458411,20.3,38265,49.8
47177,TN,Warren County,35.678282,-85.777363,92.1,42475,43
47183,TN,Weakley County,36.303523,-88.720785,60.3,42351,38
47185,TN,White County,35.927062,-85.455766,68.6,42603,43.4
48009,TX,Archer County,33.616305,-98.687267,10,61190,33.3
48023,TX,Baylor County,33.618172,-99.197228,4.3,41180,32.5
48025,TX,Bee County,28.416077,-97.742586,36.2,41806,34.9
48063,TX,Camp County,32.974581,-94.979085,63.3,43714,35.7
48067,TX,Cass County,33.083698,-94.357579,32.5,44154,43.3
48073,TX,Cherokee County,31.843859,-95.156504,48.3,43483,31.5
48075,TX,Childress County,34.529337,-100.208336,10.1,42291,38.9
48081,TX,Coke County,31.877105,-100.635236,3.6,44804,35.1
48083,TX,Coleman County,31.914205,-99.346622,7,39484,34.1
48087,TX,Collingsworth County,34.963358,-100.272135,3.3,39536,30.6
48093,TX,Comanche County,31.951645,-98.549617,14.9,52251,36.2
48095,TX,Concho County,31.318865,-99.863648,4.2,40987,28.1
48101,TX,Cottle County,34.091906,-100.276442,1.7,38304,32.9
48119,TX,Delta County,33.385933,-95.67335,20.4,44410,33.9
48125,TX,Dickens County,33.614666,-100.786095,2.7,39627,34.2
48133,TX,Eastland County,32.324645,-98.83656,20.1,44773,35.5
48157,TX,Fort Bend County,29.526602,-95.771015,679.5,92310,17.7
48165,TX,Gaines County,32.743942,-102.631562,11.7,56321,29.4
48177,TX,Gonzales County,29.468704,-97.477738,18.6,49829,41.4
48191,TX,Hall County,34.453189,-100.576343,3.8,32597,28.8
48193,TX,Hamilton County,31.706982,-98.111794,10.2,49210,33.8
48195,TX,Hansford County,36.272847,-101.35693,6.1,57240,27.9
48197,TX,Hardeman County,34.289904,-99.745697,6,42469,35
48207,TX,Haskell County,33.175965,-99.730773,6.5,40880,34.5
48223,TX,Hopkins County,33.148959,-95.565194,45.8,52079,36.2
48225,TX,Houston County,31.323036,-95.4216,19.3,39533,36.9
48229,TX,Hudspeth County,31.450868,-105.377549,0.8,42671,30.7
48233,TX,Hutchinson County,35.837047,-101.362746,25,54351,33.4
48237,TX,Jack County,33.232277,-98.171902,9.9,48780,39.6
48241,TX,Jasper County,30.752932,-94.022294,38,47551,44.6
48255,TX,Karnes County,28.907618,-97.860767,19.8,48743,36.6
48271,TX,Kinney County,29.347087,-100.4177,2.6,43192,35.6
48275,TX,Knox County,33.616657,-99.747112,4.4,39726,32.4
48295,TX,Lipscomb County,36.2802,-100.272683,3.5,57332,33.3
48307,TX,McCulloch County,31.205477,-99.359856,7.8,42719,30.5
48311,TX,McMullen County,28.384922,-98.578853,0.6,64633,43.1
48317,TX,Martin County,32.30983,-101.961836,5.2,56484,31.1
48319,TX,Mason County,30.703232,-99.237608,4.3,49560,32.7
48325,TX,Medina County,29.353661,-99.111085,34.7,59304,30.9
48337,TX,Montague County,33.676289,-97.724747,21.2,50542,37.5
48341,TX,Moore County,35.835676,-101.890502,24.3,53785,23.3
48343,TX,Morris County,33.116466,-94.731265,51.3,41418,40.8
48345,TX,Motley County,34.058383,-100.793696,1.2,41009,30.1
48351,TX,Newton County,30.786718,-93.73925,15.5,43367,41.7
48363,TX,Palo Pinto County,32.75221,-98.317974,29.5,46067,36
48371,TX,Pecos County,30.770894,-102.71986,3.3,47008,36.5
48385,TX,Real County,29.82303,-99.805303,4.7,39506,28.2
48397,TX,Rockwall County,32.889216,-96.407501,616.7,102858,19.6
48399,TX,Runnels County,31.833311,-99.967856,10,42205,34.9
48401,TX,Rusk County,32.109423,-94.756382,57.7,49788,31.5
48403,TX,Sabine County,31.3433,-93.851913,22,40641,39
48407,TX,San Jacinto County,30.574218,-95.162852,46.3,47028,49.5
48419,TX,Shelby County,31.790137,-94.142565,32,41961,33.4
48421,TX,Sherman County,36.277628,-101.894716,3.3,57052,27.8
48429,TX,Stephens County,32.731531,-98.840081,10.7,43115,29.8
48433,TX,Stonewall County,33.17958,-100.253807,1.6,46915,43.6
48445,TX,Terry County,33.171229,-102.339284,14.2,41268,31.6
48459,TX,Upshur County,32.735878,-94.941649,67.4,48554,34.1
48479,TX,Webb County,27.770584,-99.326641,74.5,44919,26.4
48487,TX,Wilbarger County,34.08492,-99.24244,13.9,44735,33.7
48497,TX,Wise County,33.219095,-97.653997,65.4,66387,33.8
48501,TX,Yoakum County,33.172397,-102.823771,9.9,61560,28.8
48503,TX,Young County,33.158787,-98.678267,20.3,49301,35.1
49001,UT,Beaver County,38.357535,-113.238948,2.6,55940,35.1
49007,UT,Carbon County,39.67005,-110.590357,14.5,51394,27.2
49031,UT,Piute County,38.335881,-112.129376,2.1,40387,43
49033,UT,Rich County,41.627598,-111.240227,2.2,60695,30.6
50001,VT,Addison County,44.031248,-73.141581,48,68878,30.5
50003,VT,Bennington County,43.035325,-73.11146,55,52510,29.3
50005,VT,Caledonia County,44.468791,-72.112168,48.1,50368,36.1
50011,VT,Franklin County,44.858964,-72.909402,75.3,61129,38.2
50021,VT,Rutland County,43.580844,-73.038196,66.3,51723,35.1
51001,VA,Accomack County,37.765944,-75.757807,73.8,42879,38.8
51007,VA,Amelia County,37.336131,-77.973218,35.7,57280,39.2
51009,VA,Amherst County,37.630362,-79.147848,68.3,50580,35.7
51011,VA,Appomattox County,37.370725,-78.81094,44.9,51131,34.5
51019,VA,Bedford County,37.312408,-79.527947,91.2,61186,31.3
51021,VA,Bland County,37.130612,-81.125853,19.1,47681,39.9
51031,VA,Campbell County,37.210151,-79.095429,108.8,51525,31.5
51033,VA,Caroline County,38.030319,-77.352348,54.1,67335,37.5
51036,VA,Charles City County,37.361048,-77.054171,39.7,56872,38.7
51049,VA,Cumberland County,37.520189,-78.252836,33.8,46300,34.9
51051,VA,Dickenson County,37.137081,-82.349208,48.1,35047,37.1
51053,VA,Dinwiddie County,37.073498,-77.635492,55.6,57257,37.4
51057,VA,Essex County,37.93948,-76.941871,43.4,50785,37.7
51063,VA,Floyd County,36.931438,-80.350309,40.2,48315,33.5
51071,VA,Giles County,37.31193,-80.717178,48.6,50591,37.5
51075,VA,Goochland County,37.724166,-77.914273,77.2,89331,25.7
51077,VA,Grayson County,36.656303,-81.225337,35.1,37550,39.6
51079,VA,Greene County,38.297981,-78.470163,117.8,67498,30.7
51081,VA,Greensville County,36.680225,-77.560261,41.5,43533,41.1
51091,VA,Highland County,38.356672,-79.567958,5.6,45089,35.7
51097,VA,King and Queen County,37.720995,-76.89109,22,51124,39.6
51099,VA,King George County,38.277179,-77.162702,131.3,86619,28
51103,VA,Lancaster County,37.703831,-76.413199,85.5,52814,30.4
51105,VA,Lee County,36.702162,-83.130334,58.8,34796,33.9
51109,VA,Louisa County,37.971681,-77.959178,66.8,63714,33.9
51113,VA,Madison County,38.412059,-78.276961,41.5,60450,35.9
51115,VA,Mathews County,37.425348,-76.268808,104.5,61764,32
51117,VA,Mecklenburg County,36.687256,-78.368959,52.3,44832,31.8
51119,VA,Middlesex County,37.606828,-76.527958,84.1,54871,32.2
51125,VA,Nelson County,37.790016,-78.879394,31.9,56690,31.5
51133,VA,Northumberland County,37.856974,-76.379687,64.5,55418,32.4
51137,VA,Orange County,38.250439,-78.00998,98.2,63681,34.9
51141,VA,Patrick County,36.667327,-80.286141,38.3,42862,34.9
51143,VA,Pittsylvania County,36.821721,-79.398502,65.5,44710,35.3
51145,VA,Powhatan County,37.549404,-77.912855,107.8,88475,30.3
51147,VA,Prince Edward County,37.224881,-78.432957,66.8,48450,32.7
51149,VA,Prince George County,37.187326,-77.220993,134.7,68133,32.6
51155,VA,Pulaski County,37.063385,-80.713444,109,50834,32.7
51163,VA,Rockbridge County,37.814517,-79.447754,37.3,53413,33.5
51167,VA,Russell County,36.93342,-82.095934,61,38966,36.1
51169,VA,Scott County,36.712778,-82.613627,43.3,40161,37.2
51173,VA,Smyth County,36.842318,-81.539786,71.4,40972,37.9
51175,VA,Southampton County,36.720173,-77.103856,31,52741,30.4
51177,VA,Spotsylvania County,38.182311,-77.65628,304.9,86695,29.6
51179,VA,Stafford County,38.418933,-77.459043,479.5,108421,22.5
51181,VA,Surry County,37.119761,-76.880172,25.3,54663,34.9
51183,VA,Sussex County,36.926645,-77.259732,24.7,43031,41.5
51185,VA,Tazewell County,37.125395,-81.562924,86.9,42074,36.3
51191,VA,Washington County,36.747813,-81.950291,97.8,45510,33.1
51195,VA,Wise County,36.974561,-82.62156,102.8,38045,30.7
51197,VA,Wythe County,36.901471,-81.084209,63.3,46345,38.4
51520,VA,Bristol city,36.616954,-82.157564,1370.6,36903,30.4
51530,VA,Buena Vista city,37.731663,-79.356375,992,43390,39
51580,VA,Covington city,37.778143,-79.986039,1090.1,40504,43.3
51590,VA,Danville city,36.583334,-79.408071,1002.8,36015,29.8
51600,VA,Fairfax city,38.853183,-77.299025,3616.6,105532,13.2
51610,VA,Falls Church city,38.883787,-77.174639,6169.8,137551,5.5
51680,VA,Lynchburg city,37.399016,-79.195458,1538.2,43200,25.4
51720,VA,Norton city,36.931549,-82.625996,529.1,34442,24.4
51735,VA,Poquoson city,37.12836,-76.303534,793.3,96057,26
51750,VA,Radford city,37.120036,-80.557048,1662.2,39254,23.5
51775,VA,Salem city,37.285333,-80.055241,1718,57274,28.7
53003,WA,Asotin County,46.181861,-117.227781,34,49776,28.1
53009,WA,Clallam County,48.113009,-123.930611,41.1,57183,26.2
53019,WA,Ferry County,48.437246,-118.517074,3.4,40468,34.5
53023,WA,Garfield County,46.429474,-117.536715,3.2,50185,31.8
53035,WA,Kitsap County,47.639687,-122.649636,635.9,76530,22.6
53041,WA,Lewis County,46.580071,-122.377444,31.4,57019,29.5
53043,WA,Lincoln County,47.582718,-118.417668,4.6,53326,28.7
53045,WA,Mason County,47.354126,-123.17385,63.3,58239,31.3
53049,WA,Pacific County,46.556587,-123.782419,22.4,46365,30.1
53051,WA,Pend Oreille County,48.543877,-117.232183,9.3,49750,30.2
53057,WA,Skagit County,48.493066,-121.816278,67.5,70955,26.3
53065,WA,Stevens County,48.390648,-117.854897,17.6,51183,34.5
53071,WA,Walla Walla County,46.254606,-118.480374,46.3,57329,20.6
53075,WA,Whitman County,46.903322,-117.522962,20.7,45389,16.1
54017,WV,Doddridge County,39.263482,-80.701147,25.7,44725,45.1
54021,WV,Gilmer County,38.915865,-80.849409,25.7,38173,44.2
54023,WV,Grant County,39.105988,-79.195064,25,42146,45.3
54027,WV,Hampshire County,39.31214,-78.611989,37.4,44442,44.9
54031,WV,Hardy County,39.010818,-78.843641,24.1,43573,46.4
54043,WV,Lincoln County,38.171651,-82.077547,49.7,39766,46.8
54045,WV,Logan County,37.830591,-81.940853,81,34894,43.9
54047,WV,McDowell County,37.382663,-81.658205,41.5,27292,44.9
54053,WV,Mason County,38.759288,-82.024172,63.4,43050,46.5
54055,WV,Mercer County,37.403448,-81.106456,148.6,37860,39.7
54059,WV,Mingo County,37.721151,-82.158993,63.4,32917,43.2
54063,WV,Monroe County,37.550353,-80.547891,28.6,38171,52.2
54065,WV,Morgan County,39.554835,-78.257314,76.6,49487,39.9
54073,WV,Pleasants County,39.368133,-81.161172,58.5,50768,50.4
54081,WV,Raleigh County,37.76247,-81.264671,130.3,41298,40.2
54087,WV,Roane County,38.743033,-81.354502,30.9,36658,43
54089,WV,Summers County,37.656003,-80.856315,38.6,34768,44.1
54099,WV,Wayne County,38.145531,-82.419698,84,38704,40.1
54109,WV,Wyoming County,37.603717,-81.548884,47.6,35460,49.1
55005,WI,Barron County,45.437192,-91.852892,53.2,50344,37.1
55007,WI,Bayfield County,46.634199,-91.177282,10.2,53637,28.8
55013,WI,Burnett County,45.865255,-92.367978,18.8,55295,37.8
55015,WI,Calumet County,44.07841,-88.212132,153.9,72645,31.6
55023,WI,Crawford County,43.24991,-90.95123,29.2,49200,40.2
55027,WI,Dodge County,43.422706,-88.704379,101.4,63608,41.7
55031,WI,Douglas County,46.463316,-91.89258,33.9,50637,31.1
55037,WI,Florence County,45.849646,-88.400322,9.1,53188,39
55045,WI,Green County,42.677728,-89.605639,63.1,63160,35.9
55049,WI,Iowa County,43.001021,-90.133692,31.1,68017,35.1
55051,WI,Iron County,46.32655,-90.261299,7.8,44130,33.8
55065,WI,Lafayette County,42.655578,-90.130292,26.6,60711,38.9
55067,WI,Langlade County,45.259204,-89.06819,22.9,51334,42.5
55075,WI,Marinette County,45.346899,-87.991198,29.8,50670,42.9
55078,WI,Menominee County,44.991304,-88.669251,11.8,40682,43.4
55083,WI,Oconto County,44.996575,-88.206516,37.7,59983,43.3
55085,WI,Oneida County,45.713791,-89.536693,32.3,53805,32.4
55103,WI,Richland County,43.376199,-90.435693,30.7,53050,40.9
55107,WI,Rusk County,45.472734,-91.136745,16.2,48448,41
55113,WI,Sawyer County,45.864913,-91.14713,13.2,46490,34.5
55115,WI,Shawano County,44.789641,-88.755813,47,56022,44.5
55117,WI,Sheboygan County,43.746002,-87.730546,225.9,61906,36.3
55119,WI,Taylor County,45.211656,-90.504853,21.2,56981,45.1
55123,WI,Vernon County,43.599858,-90.815226,37.6,51692,37.6
55125,WI,Vilas County,46.049848,-89.501254,25,47198,31.1
55129,WI,Washburn County,45.892463,-91.796423,20,50482,35.9
55131,WI,Washington County,43.391156,-88.232917,306.2,75799,30.3
55133,WI,Waukesha County,43.019308,-88.306707,709.4,87333,23.1
55139,WI,Winnebago County,44.085707,-88.668149,384.3,57785,33.6
55141,WI,Wood County,44.461413,-90.038825,94.2,55879,37.7
56007,WY,Carbon County,41.70359,-106.933153,2,61773,35.2
56015,WY,Goshen County,42.08958,-104.353482,6,51676,29.1
56017,WY,Hot Springs County,43.720871,-108.435652,2.4,49356,28
56019,WY,Johnson County,44.044048,-106.588541,2.1,57676,29.2
56033,WY,Sheridan County,44.781369,-106.881211,11.5,58307,24.3
56043,WY,Washakie County,43.878831,-107.669052,3.8,55190,30.3
